date,region,country,product,quantity,unit_price,revenue,material_cost,shipping_cost,total_cost,margin
2024-04-24,Europe,UK,Widget B,15,59.07,886.05,239.68,85.65,325.33,560.72
2024-03-30,South America,Brazil,Widget A,6,81.22,487.32,171.08,15.78,186.86,300.46
2024-07-22,South America,Brazil,Gadget X,38,97.89,3719.82,1576.68,365.63,1942.31,1777.51
2024-06-12,South America,Argentina,Widget C,10,80.29,802.9,323.33,31.47,354.8,448.1
2025-01-24,Europe,UK,Widget C,39,94.07,3668.73,949.06,261.76,1210.82,2457.91
2024-05-07,South America,Brazil,Gadget Y,19,252.23,4792.37,1790.93,515.44,2306.37,2486.0
2024-07-15,Europe,Germany,Widget B,50,101.03,5051.5,1343.49,257.38,1600.87,3450.63
2024-04-13,South America,Argentina,Gadget X,41,253.55,10395.55,2937.06,644.26,3581.32,6814.23
2024-09-30,Europe,France,Gadget Y,47,88.55,4161.85,1425.23,225.97,1651.2,2510.65
2024-08-12,Asia,India,Widget B,3,245.41,736.23,243.13,26.47,269.6,466.63
2024-11-18,North America,Canada,Gadget X,42,148.48,6236.16,1889.41,325.51,2214.92,4021.24
2024-09-26,South America,Argentina,Widget C,15,299.25,4488.75,1246.37,334.04,1580.41,2908.34
2024-02-18,Europe,France,Widget B,44,138.2,6080.8,1597.46,391.27,1988.73,4092.07
2025-04-24,Asia,China,Widget A,44,221.8,9759.2,3770.39,764.41,4534.8,5224.4
2024-09-30,Asia,India,Widget C,28,64.28,1799.84,451.13,170.96,622.09,1177.75
2024-09-26,North America,USA,Widget C,41,162.15,6648.15,1926.52,423.17,2349.69,4298.46
2024-06-14,Europe,UK,Gadget X,2,51.32,102.64,33.11,12.18,45.29,57.35
2024-11-10,North America,USA,Widget B,37,285.15,10550.55,2818.38,777.99,3596.37,6954.18
2024-03-11,North America,USA,Gadget X,36,66.24,2384.64,847.82,201.72,1049.54,1335.1
2024-08-04,North America,Canada,Gadget X,43,201.97,8684.71,2932.13,665.09,3597.22,5087.49
2024-05-03,North America,USA,Widget A,22,25.89,569.58,205.5,47.25,252.75,316.83
2024-01-08,Europe,Germany,Widget B,5,273.52,1367.6,577.03,49.75,626.78,740.82
2024-08-31,Asia,China,Gadget X,14,170.99,2393.86,944.79,261.92,1206.71,1187.15
2025-04-29,North America,Canada,Gadget X,13,46.41,603.33,230.35,37.34,267.69,335.64
2025-02-24,South America,Brazil,Widget A,4,132.73,530.92,168.76,57.1,225.86,305.06
2024-09-11,North America,USA,Gadget Y,29,59.25,1718.25,492.62,123.09,615.71,1102.54
2024-03-18,South America,Brazil,Widget A,42,299.8,12591.6,5253.28,1475.86,6729.14,5862.46
2024-08-30,North America,Canada,Gadget X,31,79.85,2475.35,817.38,87.32,904.7,1570.65
2025-01-23,Europe,Spain,Widget C,30,99.87,2996.1,1166.44,286.86,1453.3,1542.8
2025-05-13,North America,USA,Widget C,14,291.24,4077.36,1491.65,321.29,1812.94,2264.42
2024-11-17,Europe,Germany,Gadget Y,31,160.8,4984.8,2096.33,220.17,2316.5,2668.3
2025-06-04,Europe,France,Widget A,39,39.03,1522.17,642.91,100.98,743.89,778.28
2024-09-09,Europe,Germany,Gadget X,43,183.43,7887.49,2796.56,900.15,3696.71,4190.78
2024-07-28,Asia,India,Widget C,26,56.65,1472.9,558.38,104.8,663.18,809.72
2024-03-15,Europe,Spain,Gadget Y,37,298.91,11059.67,2926.97,543.96,3470.93,7588.74
2024-09-28,North America,Canada,Widget A,16,123.47,1975.52,556.21,207.5,763.71,1211.81
2024-11-05,Europe,UK,Widget A,9,94.05,846.45,362.23,81.95,444.18,402.27
2024-06-08,Asia,Japan,Gadget Y,14,220.93,3093.02,899.2,269.34,1168.54,1924.48
2024-09-27,South America,Argentina,Widget A,6,197.6,1185.6,493.06,40.27,533.33,652.27
2024-12-07,North America,Canada,Widget B,48,143.71,6898.08,2698.07,555.17,3253.24,3644.84
2024-04-24,Europe,France,Gadget Y,3,253.69,761.07,278.93,32.98,311.91,449.16
2024-05-10,Europe,UK,Widget C,3,271.7,815.1,238.02,42.76,280.78,534.32
2024-04-15,Asia,China,Gadget X,40,229.85,9194.0,4000.79,471.71,4472.5,4721.5
2024-06-15,North America,Canada,Widget A,12,226.24,2714.88,859.09,308.88,1167.97,1546.91
2024-09-11,Asia,India,Widget A,25,264.21,6605.25,2785.56,330.39,3115.95,3489.3
2025-04-16,Asia,Japan,Widget B,15,26.63,399.45,115.29,23.78,139.07,260.38
2024-03-12,Asia,Japan,Gadget Y,26,210.27,5467.02,2289.22,326.95,2616.17,2850.85
2024-01-29,Europe,UK,Widget B,38,289.51,11001.38,3334.44,437.37,3771.81,7229.57
2025-03-20,Asia,China,Widget C,28,189.74,5312.72,1871.59,343.56,2215.15,3097.57
2024-07-13,Asia,India,Gadget X,1,165.58,165.58,68.1,15.2,83.3,82.28
2024-07-20,Asia,Japan,Widget A,43,277.82,11946.26,4475.44,1071.64,5547.08,6399.18
2024-05-07,Asia,China,Widget C,43,134.35,5777.05,1909.2,327.03,2236.23,3540.82
2024-05-10,North America,Canada,Gadget X,44,229.48,10097.12,2875.71,820.08,3695.79,6401.33
2025-02-19,Europe,UK,Widget C,14,140.37,1965.18,719.25,174.75,894.0,1071.18
2025-04-21,South America,Argentina,Widget B,33,152.49,5032.17,2165.02,511.48,2676.5,2355.67
2024-06-22,Europe,UK,Gadget Y,43,197.22,8480.46,2688.63,879.07,3567.7,4912.76
2024-08-28,Asia,India,Widget B,10,26.84,268.4,80.24,19.53,99.77,168.63
2024-03-15,South America,Argentina,Gadget Y,13,221.14,2874.82,939.48,189.65,1129.13,1745.69
2024-05-31,Europe,Germany,Gadget X,15,69.25,1038.75,458.7,79.59,538.29,500.46
2024-02-21,North America,USA,Gadget X,9,244.4,2199.6,843.58,261.56,1105.14,1094.46
2024-11-20,South America,Argentina,Gadget Y,29,271.22,7865.38,3136.17,571.98,3708.15,4157.23
2024-09-22,North America,Canada,Gadget Y,32,195.49,6255.68,1907.48,231.29,2138.77,4116.91
2024-10-19,North America,Canada,Widget C,21,270.05,5671.05,1509.15,247.11,1756.26,3914.79
2025-01-27,North America,USA,Widget A,27,134.13,3621.51,1298.39,244.16,1542.55,2078.96
2024-07-30,South America,Argentina,Gadget Y,45,25.47,1146.15,488.41,93.77,582.18,563.97
2025-05-03,Europe,UK,Widget C,49,129.2,6330.8,2711.66,666.1,3377.76,2953.04
2024-08-13,South America,Brazil,Widget C,28,155.98,4367.44,1431.52,393.94,1825.46,2541.98
2025-02-18,North America,Canada,Widget B,40,169.55,6782.0,2925.66,564.74,3490.4,3291.6
2024-01-28,Europe,Spain,Widget B,30,70.88,2126.4,642.24,126.44,768.68,1357.72
2025-04-10,Asia,Japan,Gadget X,18,230.56,4150.08,1728.03,218.73,1946.76,2203.32
2024-03-24,South America,Brazil,Gadget Y,4,299.97,1199.88,383.95,106.2,490.15,709.73
2024-02-11,Europe,France,Widget B,2,193.97,387.94,115.49,28.17,143.66,244.28
2024-04-27,North America,Canada,Widget C,50,123.29,6164.5,2288.13,719.62,3007.75,3156.75
2024-04-27,North America,Canada,Widget A,38,27.19,1033.22,322.77,93.98,416.75,616.47
2025-01-19,South America,Brazil,Widget A,38,213.37,8108.06,3044.16,317.6,3361.76,4746.3
2024-11-04,Europe,Germany,Widget C,35,139.95,4898.25,1587.59,370.0,1957.59,2940.66
2024-12-15,Europe,Spain,Gadget X,7,141.39,989.73,319.13,109.11,428.24,561.49
2025-04-15,North America,Canada,Widget B,47,166.09,7806.23,2967.08,666.9,3633.98,4172.25
2025-05-10,South America,Argentina,Gadget Y,18,110.25,1984.5,593.56,226.46,820.02,1164.48
2024-10-12,South America,Brazil,Gadget X,37,190.89,7062.93,2301.09,230.13,2531.22,4531.71
2024-11-28,North America,Canada,Widget B,23,243.39,5597.97,1780.53,611.46,2391.99,3205.98
2024-10-09,Europe,France,Widget A,16,221.62,3545.92,1232.97,348.33,1581.3,1964.62
2025-05-02,South America,Argentina,Widget A,6,102.39,614.34,203.27,31.88,235.15,379.19
2025-01-12,South America,Argentina,Gadget X,48,174.11,8357.28,2677.36,592.01,3269.37,5087.91
2024-11-09,Asia,India,Widget A,47,73.92,3474.24,951.63,271.78,1223.41,2250.83
2024-07-08,North America,USA,Gadget X,18,222.88,4011.84,1786.56,309.78,2096.34,1915.5
2024-10-16,Europe,France,Widget C,15,121.05,1815.75,563.71,170.18,733.89,1081.86
2024-05-09,Asia,India,Widget A,36,101.8,3664.8,1608.18,320.33,1928.51,1736.29
2025-05-17,Europe,Germany,Gadget Y,19,151.43,2877.17,972.75,134.06,1106.81,1770.36
2024-02-22,Asia,Japan,Widget A,5,132.2,661.0,175.04,57.28,232.32,428.68
2024-02-24,North America,USA,Gadget Y,20,43.85,877.0,262.78,70.36,333.14,543.86
2025-03-02,North America,Canada,Gadget X,29,103.26,2994.54,1101.11,205.41,1306.52,1688.02
2024-03-02,Europe,France,Widget B,17,204.92,3483.64,980.34,159.0,1139.34,2344.3
2024-03-17,North America,USA,Gadget X,29,213.02,6177.58,2124.98,203.47,2328.45,3849.13
2024-10-22,Asia,China,Gadget X,5,212.47,1062.35,461.89,107.2,569.09,493.26
2024-07-21,South America,Brazil,Gadget Y,15,201.34,3020.1,1303.72,315.29,1619.01,1401.09
2024-03-14,Europe,France,Widget C,39,229.71,8958.69,3259.54,501.46,3761.0,5197.69
2024-05-07,South America,Argentina,Gadget X,18,160.13,2882.34,1005.24,107.34,1112.58,1769.76
2024-02-10,South America,Argentina,Gadget Y,17,27.24,463.08,136.97,42.0,178.97,284.11
2024-01-22,Asia,China,Widget A,49,231.76,11356.24,3907.68,1006.57,4914.25,6441.99
2024-10-11,North America,Canada,Gadget X,6,151.6,909.6,301.69,53.57,355.26,554.34
2024-04-17,North America,Canada,Gadget X,45,158.73,7142.85,2732.26,471.72,3203.98,3938.87
2024-02-07,South America,Brazil,Widget C,17,110.52,1878.84,834.27,124.71,958.98,919.86
2025-06-10,Europe,Spain,Gadget X,4,72.52,290.08,93.51,28.45,121.96,168.12
2025-03-28,Europe,France,Widget C,36,56.68,2040.48,627.66,222.98,850.64,1189.84
2025-05-11,Europe,Germany,Gadget Y,16,218.74,3499.84,1092.48,109.3,1201.78,2298.06
2025-02-21,Europe,France,Widget A,30,285.18,8555.4,3247.13,375.22,3622.35,4933.05
2024-10-25,Asia,Japan,Gadget X,31,88.24,2735.44,985.45,176.5,1161.95,1573.49
2025-06-04,North America,USA,Widget C,50,241.2,12060.0,4015.84,1375.83,5391.67,6668.33
2025-06-03,Asia,India,Widget C,47,103.6,4869.2,1788.88,583.82,2372.7,2496.5
2025-05-16,North America,Canada,Gadget Y,31,116.63,3615.53,1302.98,285.3,1588.28,2027.25
2025-04-11,Asia,India,Widget B,37,127.23,4707.51,1982.82,315.26,2298.08,2409.43
2024-11-21,South America,Argentina,Gadget X,43,241.87,10400.41,3956.36,454.39,4410.75,5989.66
2024-02-07,North America,Canada,Widget A,29,47.92,1389.68,600.46,43.61,644.07,745.61
2024-05-27,South America,Brazil,Widget A,31,238.83,7403.73,2243.36,637.41,2880.77,4522.96
2025-02-11,Europe,UK,Gadget Y,25,287.16,7179.0,2694.71,788.75,3483.46,3695.54
2025-05-14,Europe,Germany,Widget B,41,211.63,8676.83,2667.92,437.95,3105.87,5570.96
2024-04-02,South America,Brazil,Widget A,29,66.58,1930.82,598.35,62.95,661.3,1269.52
2024-11-28,Europe,UK,Widget C,24,140.59,3374.16,1008.33,226.35,1234.68,2139.48
2024-07-03,North America,USA,Widget A,40,263.84,10553.6,3946.44,545.35,4491.79,6061.81
2024-05-26,North America,Canada,Widget C,30,91.49,2744.7,691.33,281.1,972.43,1772.27
2024-10-21,North America,USA,Gadget X,23,296.54,6820.42,2113.18,795.14,2908.32,3912.1
2024-09-13,South America,Argentina,Widget B,25,258.93,6473.25,1756.39,416.38,2172.77,4300.48
2025-01-02,Asia,China,Widget C,2,293.82,587.64,224.27,32.15,256.42,331.22
2024-02-20,South America,Argentina,Widget B,39,244.54,9537.06,2802.0,449.31,3251.31,6285.75
2024-09-13,North America,USA,Widget A,20,240.81,4816.2,1236.19,302.64,1538.83,3277.37
2024-05-14,Europe,UK,Widget C,48,136.34,6544.32,1898.89,659.58,2558.47,3985.85
2025-01-09,Asia,India,Widget C,31,290.87,9016.97,2786.5,976.86,3763.36,5253.61
2024-04-27,South America,Brazil,Widget B,49,290.62,14240.38,6009.84,1355.39,7365.23,6875.15
2025-02-10,Asia,India,Gadget X,1,94.05,94.05,25.84,5.94,31.78,62.27
2024-09-25,South America,Argentina,Widget A,44,85.47,3760.68,958.99,412.1,1371.09,2389.59
2024-12-01,North America,USA,Gadget X,45,104.61,4707.45,1561.27,200.44,1761.71,2945.74
2024-02-08,Asia,Japan,Widget A,7,85.74,600.18,214.57,39.0,253.57,346.61
2025-01-14,South America,Brazil,Gadget X,42,47.73,2004.66,697.36,133.77,831.13,1173.53
2024-10-13,Europe,UK,Widget B,29,144.51,4190.79,1245.6,262.52,1508.12,2682.67
2025-01-11,Asia,India,Gadget X,18,73.15,1316.7,361.34,140.0,501.34,815.36
2025-04-10,Europe,France,Gadget Y,2,34.16,68.32,21.64,8.13,29.77,38.55
2024-07-29,Europe,France,Gadget Y,14,247.65,3467.1,1028.34,345.65,1373.99,2093.11
2024-01-03,Asia,India,Widget B,35,90.18,3156.3,899.23,282.47,1181.7,1974.6
2024-01-27,North America,USA,Widget C,16,184.88,2958.08,748.86,159.39,908.25,2049.83
2024-05-09,South America,Brazil,Widget A,31,145.52,4511.12,1454.42,376.36,1830.78,2680.34
2025-04-07,North America,USA,Gadget Y,20,148.25,2965.0,1312.92,105.18,1418.1,1546.9
2025-05-05,South America,Argentina,Widget A,32,219.47,7023.04,2378.79,779.09,3157.88,3865.16
2024-11-25,North America,USA,Widget B,18,194.81,3506.58,1287.17,329.95,1617.12,1889.46
2025-01-25,Asia,Japan,Gadget Y,39,140.46,5477.94,2238.39,220.75,2459.14,3018.8
2024-08-08,South America,Argentina,Widget B,27,114.9,3102.3,1056.95,209.22,1266.17,1836.13
2024-04-07,Asia,Japan,Widget C,43,91.37,3928.91,1731.54,360.73,2092.27,1836.64
2025-04-30,Europe,Germany,Widget A,6,140.93,845.58,337.32,53.73,391.05,454.53
2024-05-13,Europe,UK,Widget A,27,119.01,3213.27,1230.9,313.38,1544.28,1668.99
2024-02-22,Asia,China,Widget C,23,49.01,1127.23,396.2,49.51,445.71,681.52
2025-05-08,North America,USA,Widget C,36,122.92,4425.12,1781.2,361.4,2142.6,2282.52
2025-03-15,Europe,UK,Widget A,12,96.52,1158.24,466.17,130.81,596.98,561.26
2024-12-25,Europe,France,Widget B,37,204.06,7550.22,1992.63,730.01,2722.64,4827.58
2024-02-01,Europe,France,Gadget X,27,147.02,3969.54,1117.35,230.42,1347.77,2621.77
2024-11-28,Europe,Germany,Widget B,11,231.24,2543.64,661.23,94.99,756.22,1787.42
2025-03-29,South America,Argentina,Gadget Y,29,135.97,3943.13,1155.79,300.12,1455.91,2487.22
2024-12-19,South America,Brazil,Widget C,44,209.98,9239.12,3208.99,831.91,4040.9,5198.22
2024-02-16,North America,Canada,Gadget Y,4,22.15,88.6,27.49,4.34,31.83,56.77
2024-05-20,Asia,Japan,Widget C,8,22.16,177.28,70.81,8.12,78.93,98.35
2025-01-24,North America,Canada,Widget A,26,261.29,6793.54,1755.86,215.27,1971.13,4822.41
2024-03-20,Asia,China,Gadget X,37,133.24,4929.88,1863.63,276.35,2139.98,2789.9
2025-02-18,Europe,UK,Widget B,40,148.83,5953.2,2309.38,372.47,2681.85,3271.35
2025-03-23,Europe,France,Gadget X,38,132.13,5020.94,1334.21,544.0,1878.21,3142.73
2024-12-13,North America,Canada,Widget B,5,162.94,814.7,222.25,61.83,284.08,530.62
2024-12-23,Asia,China,Widget B,16,48.79,780.64,235.12,35.61,270.73,509.91
2024-06-05,Europe,France,Gadget X,30,231.24,6937.2,2788.58,488.39,3276.97,3660.23
2024-11-26,Asia,India,Gadget X,5,151.3,756.5,284.65,76.91,361.56,394.94
2024-02-27,Asia,China,Widget A,20,149.29,2985.8,768.91,188.66,957.57,2028.23
2024-10-20,Europe,Germany,Gadget Y,39,161.98,6317.22,2163.92,504.67,2668.59,3648.63
2024-02-12,South America,Brazil,Widget C,39,153.18,5974.02,1673.75,212.49,1886.24,4087.78
2024-04-15,Asia,China,Widget A,33,200.92,6630.36,1709.5,621.17,2330.67,4299.69
2025-03-25,North America,Canada,Widget C,19,128.48,2441.12,988.39,222.39,1210.78,1230.34
2024-02-23,Asia,India,Widget C,7,176.23,1233.61,403.78,64.99,468.77,764.84
2024-06-02,Asia,India,Gadget Y,43,59.6,2562.8,820.0,300.09,1120.09,1442.71
2025-02-05,North America,USA,Widget C,36,125.47,4516.92,1844.4,466.09,2310.49,2206.43
2025-06-23,Europe,Spain,Gadget Y,24,25.1,602.4,187.81,69.64,257.45,344.95
2024-12-15,South America,Brazil,Widget B,9,63.38,570.42,176.35,57.57,233.92,336.5
2025-06-03,Europe,UK,Gadget Y,9,187.23,1685.07,473.25,77.98,551.23,1133.84
2024-06-18,South America,Brazil,Gadget X,24,209.38,5025.12,1495.0,351.65,1846.65,3178.47
2024-10-18,South America,Brazil,Gadget Y,16,106.65,1706.4,702.57,123.22,825.79,880.61
2024-07-17,Asia,China,Gadget Y,29,149.27,4328.83,1326.16,278.64,1604.8,2724.03
2025-06-24,South America,Brazil,Widget B,39,58.75,2291.25,687.38,200.96,888.34,1402.91
2025-01-15,Europe,Germany,Widget C,6,233.67,1402.02,427.0,156.29,583.29,818.73
2024-05-30,South America,Brazil,Widget B,29,267.7,7763.3,3385.53,522.79,3908.32,3854.98
2025-02-09,Asia,India,Gadget X,6,124.98,749.88,191.7,85.32,277.02,472.86
2024-12-09,North America,USA,Widget A,19,276.87,5260.53,1812.21,551.3,2363.51,2897.02
2025-04-25,South America,Brazil,Widget A,2,91.66,183.32,76.44,14.55,90.99,92.33
2025-06-24,South America,Brazil,Widget C,16,104.32,1669.12,433.22,113.14,546.36,1122.76
2025-04-13,Europe,Germany,Gadget X,39,170.1,6633.9,2496.94,542.35,3039.29,3594.61
2024-05-27,Asia,Japan,Widget A,40,118.79,4751.6,1730.21,222.65,1952.86,2798.74
2024-03-28,Asia,India,Gadget Y,35,162.05,5671.75,2539.05,453.02,2992.07,2679.68
2025-02-03,South America,Brazil,Gadget X,24,91.02,2184.48,553.22,220.56,773.78,1410.7
2024-12-19,North America,USA,Gadget Y,48,231.87,11129.76,3079.4,686.78,3766.18,7363.58
2024-12-12,North America,Canada,Gadget X,41,71.04,2912.64,806.72,275.08,1081.8,1830.84
2025-04-13,Europe,UK,Widget B,3,241.51,724.53,309.49,42.32,351.81,372.72
2024-11-13,South America,Argentina,Widget C,3,230.92,692.76,199.67,43.04,242.71,450.05
2024-02-18,Asia,Japan,Widget A,24,142.35,3416.4,1127.43,237.7,1365.13,2051.27
2025-01-30,Asia,India,Gadget X,45,159.31,7168.95,3117.5,550.11,3667.61,3501.34
2024-03-25,South America,Brazil,Gadget X,39,298.63,11646.57,3331.98,657.32,3989.3,7657.27
2024-04-15,Europe,UK,Widget C,20,144.86,2897.2,1140.14,130.37,1270.51,1626.69
2025-03-30,Asia,Japan,Widget A,47,263.61,12389.67,3971.04,1484.7,5455.74,6933.93
2024-10-08,Europe,Germany,Gadget X,24,163.66,3927.84,1571.06,174.39,1745.45,2182.39
2024-02-01,North America,Canada,Widget A,9,38.83,349.47,141.78,22.01,163.79,185.68
2025-01-27,Europe,France,Gadget X,24,124.16,2979.84,1199.73,243.31,1443.04,1536.8
2025-01-10,South America,Argentina,Widget C,16,288.95,4623.2,1179.76,216.11,1395.87,3227.33
2025-06-14,South America,Brazil,Widget C,50,92.88,4644.0,1575.5,555.76,2131.26,2512.74
2024-10-19,South America,Brazil,Widget A,9,258.79,2329.11,792.85,258.25,1051.1,1278.01
2025-03-31,Europe,UK,Widget C,46,38.18,1756.28,629.51,193.58,823.09,933.19
2024-06-10,North America,Canada,Gadget Y,15,53.98,809.7,234.97,34.41,269.38,540.32
2025-05-20,Europe,UK,Gadget Y,37,123.3,4562.1,1873.8,363.36,2237.16,2324.94
2024-03-29,Europe,UK,Gadget X,46,221.28,10178.88,3614.92,1010.0,4624.92,5553.96
2024-03-16,North America,Canada,Widget A,29,150.43,4362.47,1542.01,181.26,1723.27,2639.2
2024-07-05,North America,Canada,Gadget Y,4,252.79,1011.16,357.57,58.01,415.58,595.58
2024-06-14,Asia,China,Widget B,23,285.3,6561.9,2321.47,364.61,2686.08,3875.82
2024-03-21,Asia,India,Gadget Y,18,55.05,990.9,307.74,77.3,385.04,605.86
2025-05-29,North America,USA,Widget B,43,194.85,8378.55,3606.13,505.95,4112.08,4266.47
2024-02-12,Europe,Germany,Widget A,42,235.89,9907.38,3001.25,485.19,3486.44,6420.94
2025-03-02,Europe,Spain,Gadget Y,19,199.73,3794.87,1178.0,197.48,1375.48,2419.39
2025-02-19,Asia,Japan,Widget A,45,36.78,1655.1,559.29,121.79,681.08,974.02
2024-07-27,Asia,China,Widget B,21,261.22,5485.62,1721.73,652.36,2374.09,3111.53
2024-12-19,South America,Brazil,Widget C,33,177.26,5849.58,1835.73,421.07,2256.8,3592.78
2024-09-30,South America,Brazil,Widget B,7,34.17,239.19,105.02,25.78,130.8,108.39
2025-03-04,North America,USA,Widget C,37,221.92,8211.04,2364.51,364.08,2728.59,5482.45
2025-06-11,South America,Argentina,Widget C,32,26.49,847.68,372.17,63.99,436.16,411.52
2024-09-03,North America,Canada,Widget A,4,98.78,395.12,146.0,41.83,187.83,207.29
2025-04-26,Asia,China,Widget A,7,140.66,984.62,419.93,94.01,513.94,470.68
2025-02-16,Asia,India,Gadget X,4,179.68,718.72,207.66,57.35,265.01,453.71
2024-03-16,South America,Argentina,Gadget Y,18,251.09,4519.62,1693.27,384.14,2077.41,2442.21
2024-05-11,Europe,Spain,Widget C,22,176.19,3876.18,1252.48,166.61,1419.09,2457.09
2025-06-05,South America,Brazil,Widget A,3,58.37,175.11,55.44,12.72,68.16,106.95
2025-04-12,North America,USA,Widget C,40,109.19,4367.6,1435.15,373.36,1808.51,2559.09
2024-11-02,Asia,China,Gadget Y,35,157.16,5500.6,1994.43,400.12,2394.55,3106.05
2024-01-18,Asia,Japan,Widget A,27,183.44,4952.88,2027.47,471.91,2499.38,2453.5
2024-01-28,South America,Argentina,Gadget Y,37,83.71,3097.27,806.13,226.85,1032.98,2064.29
2025-06-20,South America,Brazil,Widget B,3,180.32,540.96,211.03,25.52,236.55,304.41
2025-03-27,Asia,Japan,Widget B,27,213.34,5760.18,1912.81,574.56,2487.37,3272.81
2025-04-27,Europe,France,Gadget Y,14,177.05,2478.7,1114.48,181.08,1295.56,1183.14
2025-01-20,Asia,India,Gadget X,35,115.85,4054.75,1301.0,403.36,1704.36,2350.39
2024-09-27,South America,Brazil,Widget B,18,176.26,3172.68,935.86,372.99,1308.85,1863.83
2024-10-31,Asia,China,Widget B,45,217.4,9783.0,3066.07,600.6,3666.67,6116.33
2024-10-07,Asia,India,Gadget Y,44,172.09,7571.96,3249.52,496.02,3745.54,3826.42
2024-12-19,North America,Canada,Widget A,19,287.49,5462.31,1451.91,618.12,2070.03,3392.28
2024-09-19,South America,Brazil,Widget B,35,95.92,3357.2,1216.66,182.79,1399.45,1957.75
2024-04-21,North America,USA,Widget A,43,273.45,11758.35,3470.29,599.15,4069.44,7688.91
2024-04-12,South America,Argentina,Gadget X,7,210.73,1475.11,409.33,172.3,581.63,893.48
2024-06-10,South America,Argentina,Gadget X,42,75.85,3185.7,1410.57,187.65,1598.22,1587.48
2024-03-01,Europe,France,Gadget Y,48,222.47,10678.56,4670.1,1198.03,5868.13,4810.43
2024-06-28,South America,Brazil,Widget A,26,240.63,6256.38,1797.22,609.44,2406.66,3849.72
2024-10-23,Europe,Germany,Widget C,37,188.78,6984.86,3043.24,420.17,3463.41,3521.45
2025-04-10,South America,Brazil,Gadget Y,30,96.39,2891.7,1190.69,172.81,1363.5,1528.2
2025-04-14,Asia,China,Widget B,1,226.25,226.25,92.34,18.35,110.69,115.56
2024-07-16,North America,Canada,Gadget X,33,111.82,3690.06,1218.33,142.38,1360.71,2329.35
2024-05-23,South America,Argentina,Widget B,1,93.02,93.02,27.64,9.1,36.74,56.28
2024-12-03,Asia,China,Gadget Y,1,93.23,93.23,30.01,4.78,34.79,58.44
2024-05-01,South America,Argentina,Widget B,26,212.1,5514.6,2396.76,606.07,3002.83,2511.77
2024-11-14,Europe,UK,Widget C,40,81.84,3273.6,1445.2,239.09,1684.29,1589.31
2025-04-10,Asia,Japan,Gadget Y,31,232.06,7193.86,2952.35,750.35,3702.7,3491.16
2024-09-10,Europe,Spain,Gadget Y,46,121.3,5579.8,2418.56,223.74,2642.3,2937.5
2025-06-01,North America,USA,Widget B,21,259.26,5444.46,1842.23,496.68,2338.91,3105.55
2025-05-15,Europe,Spain,Widget A,30,56.94,1708.2,568.98,137.94,706.92,1001.28
2025-04-18,Asia,China,Widget A,26,91.25,2372.5,594.56,117.7,712.26,1660.24
2024-03-15,Europe,Spain,Widget C,45,37.85,1703.25,764.46,194.36,958.82,744.43
2024-03-11,South America,Brazil,Widget C,27,70.39,1900.53,526.61,166.75,693.36,1207.17
2025-03-06,Asia,Japan,Gadget X,25,125.18,3129.5,1209.7,280.28,1489.98,1639.52
2024-05-16,Asia,India,Widget B,35,130.06,4552.1,1253.96,537.54,1791.5,2760.6
2024-01-04,Europe,UK,Gadget X,44,221.35,9739.4,3261.0,624.64,3885.64,5853.76
2024-08-23,North America,Canada,Widget C,10,97.18,971.8,425.15,92.57,517.72,454.08
2024-04-25,Europe,Spain,Gadget Y,50,282.15,14107.5,6035.31,728.79,6764.1,7343.4
2024-03-09,Europe,Germany,Gadget X,39,208.17,8118.63,3445.89,422.38,3868.27,4250.36
2024-02-15,South America,Argentina,Widget B,35,80.84,2829.4,1196.12,99.26,1295.38,1534.02
2025-05-30,Asia,India,Gadget Y,21,181.69,3815.49,1543.39,395.49,1938.88,1876.61
2024-08-30,Asia,India,Gadget Y,15,135.8,2037.0,621.35,163.17,784.52,1252.48
2024-06-28,South America,Argentina,Widget A,23,283.64,6523.72,2506.86,657.08,3163.94,3359.78
2024-11-22,South America,Argentina,Widget B,20,125.41,2508.2,1005.5,182.14,1187.64,1320.56
2024-08-18,Asia,China,Widget B,30,276.13,8283.9,3002.72,970.05,3972.77,4311.13
2024-05-17,South America,Brazil,Widget C,14,112.47,1574.58,418.55,110.98,529.53,1045.05
2025-01-14,Europe,France,Widget A,18,125.61,2260.98,838.81,75.88,914.69,1346.29
2024-03-15,North America,USA,Gadget X,14,263.45,3688.3,1167.69,428.33,1596.02,2092.28
2024-01-16,North America,USA,Widget A,48,299.88,14394.24,4977.3,746.1,5723.4,8670.84
2024-07-28,South America,Brazil,Gadget Y,21,237.14,4979.94,1624.12,388.58,2012.7,2967.24
2025-01-02,Asia,Japan,Widget C,33,267.19,8817.27,3026.09,901.6,3927.69,4889.58
2025-04-25,Asia,India,Widget C,21,135.9,2853.9,1034.55,142.45,1177.0,1676.9
2024-05-29,Europe,UK,Gadget Y,38,182.16,6922.08,2308.62,302.61,2611.23,4310.85
2024-12-03,North America,Canada,Gadget Y,16,159.8,2556.8,973.94,234.3,1208.24,1348.56
2024-09-20,South America,Argentina,Gadget X,11,225.18,2476.98,793.71,105.51,899.22,1577.76
2025-05-15,North America,USA,Gadget Y,3,254.94,764.82,202.57,79.25,281.82,483.0
2024-02-19,Europe,Spain,Widget B,41,84.8,3476.8,1360.94,107.16,1468.1,2008.7
2025-06-01,South America,Argentina,Widget A,40,198.56,7942.4,3469.09,890.72,4359.81,3582.59
2025-05-14,Europe,Germany,Gadget Y,36,135.17,4866.12,1232.81,462.27,1695.08,3171.04
2024-10-20,Europe,Spain,Widget B,7,277.05,1939.35,688.23,100.24,788.47,1150.88
2025-06-23,Asia,Japan,Widget C,26,42.13,1095.38,484.0,78.11,562.11,533.27
2024-09-06,North America,Canada,Widget A,42,297.67,12502.14,4750.55,410.72,5161.27,7340.87
2025-02-19,South America,Argentina,Gadget Y,31,35.71,1107.01,278.84,50.29,329.13,777.88
2025-05-26,South America,Argentina,Gadget Y,7,270.54,1893.78,821.58,95.97,917.55,976.23
2025-05-01,Asia,India,Widget A,44,279.16,12283.04,5280.02,991.44,6271.46,6011.58
2024-02-03,North America,Canada,Widget A,14,184.37,2581.18,1033.64,243.0,1276.64,1304.54
2025-02-11,Europe,UK,Widget B,37,87.33,3231.21,1347.19,210.11,1557.3,1673.91
2024-12-05,South America,Brazil,Widget A,33,228.73,7548.09,2409.14,292.8,2701.94,4846.15
2024-08-25,Europe,UK,Gadget Y,50,191.88,9594.0,3541.35,1124.44,4665.79,4928.21
2024-11-30,Europe,UK,Gadget X,32,83.88,2684.16,967.93,171.22,1139.15,1545.01
2024-07-09,South America,Brazil,Gadget Y,19,243.46,4625.74,1816.17,172.93,1989.1,2636.64
2024-06-06,South America,Brazil,Gadget X,21,121.0,2541.0,681.76,291.88,973.64,1567.36
2025-03-31,Asia,Japan,Widget A,9,44.44,399.96,134.46,32.05,166.51,233.45
2025-06-08,South America,Brazil,Widget A,6,119.1,714.6,191.95,59.9,251.85,462.75
2024-11-28,South America,Brazil,Widget C,27,128.58,3471.66,926.72,385.71,1312.43,2159.23
2024-09-05,North America,Canada,Widget B,9,95.3,857.7,260.47,37.0,297.47,560.23
2024-06-20,South America,Argentina,Gadget X,20,155.58,3111.6,825.77,163.84,989.61,2121.99
2024-09-09,South America,Brazil,Gadget X,7,57.94,405.58,101.94,26.61,128.55,277.03
2025-01-24,Asia,Japan,Widget C,28,248.33,6953.24,2933.58,818.26,3751.84,3201.4
2024-05-19,Asia,Japan,Gadget Y,45,76.24,3430.8,1073.28,400.76,1474.04,1956.76
2024-11-22,Asia,China,Gadget X,37,238.95,8841.15,2786.53,488.27,3274.8,5566.35
2025-02-06,Asia,India,Gadget Y,13,185.82,2415.66,867.53,220.68,1088.21,1327.45
2024-01-28,South America,Brazil,Gadget X,19,252.76,4802.44,1267.04,510.5,1777.54,3024.9
2025-02-22,South America,Brazil,Widget C,16,90.75,1452.0,407.76,98.85,506.61,945.39
2025-01-21,Europe,Spain,Gadget Y,31,183.03,5673.93,2024.88,641.8,2666.68,3007.25
2025-03-04,Europe,UK,Gadget Y,39,198.69,7748.91,2068.93,768.74,2837.67,4911.24
2024-12-29,North America,USA,Gadget Y,42,209.69,8806.98,2905.63,860.81,3766.44,5040.54
2025-03-16,Europe,Germany,Widget A,17,82.16,1396.72,557.81,112.04,669.85,726.87
2024-08-14,South America,Argentina,Gadget X,30,236.26,7087.8,2606.31,531.88,3138.19,3949.61
2024-12-19,Europe,Spain,Widget A,19,136.47,2592.93,1146.97,104.87,1251.84,1341.09
2024-05-25,Asia,Japan,Widget C,30,239.6,7188.0,2546.15,440.96,2987.11,4200.89
2024-04-09,South America,Argentina,Widget C,5,104.07,520.35,214.4,21.0,235.4,284.95
2024-12-17,Europe,France,Widget B,34,68.85,2340.9,660.2,188.18,848.38,1492.52
2025-04-18,North America,Canada,Widget B,12,199.33,2391.96,804.72,78.04,882.76,1509.2
2024-07-21,South America,Argentina,Gadget X,1,217.33,217.33,63.28,21.24,84.52,132.81
2024-03-05,Europe,France,Widget C,21,75.18,1578.78,430.68,142.66,573.34,1005.44
2025-05-16,Asia,China,Gadget X,40,129.91,5196.4,1417.82,320.51,1738.33,3458.07
2025-04-13,North America,Canada,Gadget Y,38,43.73,1661.74,459.95,67.48,527.43,1134.31
2024-11-08,Europe,France,Widget C,45,59.58,2681.1,878.58,224.35,1102.93,1578.17
2025-01-27,South America,Brazil,Gadget X,41,170.47,6989.27,3032.17,795.12,3827.29,3161.98
2024-06-26,North America,Canada,Widget C,9,72.39,651.51,272.59,55.86,328.45,323.06
2025-01-02,Europe,Spain,Widget B,13,248.26,3227.38,1428.97,243.63,1672.6,1554.78
2025-05-21,South America,Argentina,Gadget X,46,255.17,11737.82,4081.71,439.47,4521.18,7216.64
2024-02-01,North America,Canada,Widget A,18,82.96,1493.28,459.53,149.73,609.26,884.02
2025-05-22,Europe,Germany,Widget C,50,172.07,8603.5,3855.91,677.82,4533.73,4069.77
2024-02-12,South America,Brazil,Gadget X,7,226.08,1582.56,602.53,82.73,685.26,897.3
2024-02-03,South America,Argentina,Widget C,6,142.94,857.64,384.9,85.6,470.5,387.14
2024-08-30,North America,Canada,Gadget Y,41,139.89,5735.49,2140.66,577.2,2717.86,3017.63
2024-07-30,Europe,UK,Gadget Y,18,187.12,3368.16,955.46,397.81,1353.27,2014.89
2024-10-26,Asia,China,Widget C,33,295.94,9766.02,3768.32,376.68,4145.0,5621.02
2025-02-25,Europe,UK,Widget B,45,262.5,11812.5,3542.99,1110.68,4653.67,7158.83
2024-09-10,South America,Argentina,Widget B,37,197.07,7291.59,2738.45,464.95,3203.4,4088.19
2024-03-18,Europe,Spain,Gadget Y,48,97.9,4699.2,2054.81,297.07,2351.88,2347.32
2025-05-14,Asia,China,Widget A,50,257.21,12860.5,3454.69,1511.03,4965.72,7894.78
2025-01-01,Europe,Spain,Widget B,28,250.96,7026.88,2451.98,414.99,2866.97,4159.91
2024-10-17,Asia,China,Gadget Y,9,178.52,1606.68,557.63,97.91,655.54,951.14
2024-02-19,Europe,Germany,Gadget X,2,54.79,109.58,46.19,7.64,53.83,55.75
2024-01-01,South America,Brazil,Widget B,42,104.52,4389.84,1865.18,478.03,2343.21,2046.63
2024-04-05,Asia,Japan,Widget A,24,206.06,4945.44,1878.19,171.41,2049.6,2895.84
2024-11-08,North America,Canada,Widget A,46,46.65,2145.9,628.07,79.43,707.5,1438.4
2024-08-19,South America,Brazil,Widget A,45,116.2,5229.0,1433.37,561.75,1995.12,3233.88
2024-05-15,South America,Brazil,Widget B,25,45.01,1125.25,462.69,44.21,506.9,618.35
2025-01-11,Asia,India,Gadget X,50,247.74,12387.0,5263.23,1086.86,6350.09,6036.91
2024-05-26,Europe,Germany,Gadget Y,42,65.95,2769.9,887.03,136.21,1023.24,1746.66
2024-06-04,South America,Argentina,Widget B,6,271.05,1626.3,452.12,66.82,518.94,1107.36
2025-01-28,Asia,Japan,Widget C,9,89.38,804.42,304.81,42.1,346.91,457.51
2024-10-18,Europe,UK,Widget B,34,189.94,6457.96,1858.14,421.43,2279.57,4178.39
2024-02-25,North America,Canada,Gadget X,8,87.5,700.0,264.33,25.47,289.8,410.2
2024-01-13,Asia,Japan,Widget B,25,261.03,6525.75,2373.26,410.39,2783.65,3742.1
2024-06-25,South America,Brazil,Widget A,38,38.91,1478.58,447.18,49.66,496.84,981.74
2024-03-02,South America,Argentina,Gadget Y,50,136.32,6816.0,2660.71,255.04,2915.75,3900.25
2024-06-05,Asia,India,Widget C,6,163.17,979.02,284.54,100.57,385.11,593.91
2024-11-30,South America,Brazil,Widget C,45,142.5,6412.5,2825.9,330.1,3156.0,3256.5
2024-09-07,Europe,Spain,Widget A,30,191.44,5743.2,1499.01,516.58,2015.59,3727.61
2024-06-28,Europe,Germany,Widget B,45,23.18,1043.1,364.34,63.84,428.18,614.92
2025-06-13,Asia,India,Widget C,9,229.94,2069.46,878.88,198.59,1077.47,991.99
2024-04-30,Europe,UK,Gadget X,18,166.68,3000.24,907.84,353.29,1261.13,1739.11
2024-03-19,South America,Argentina,Gadget Y,24,35.52,852.48,359.64,38.38,398.02,454.46
2024-06-10,Asia,India,Gadget Y,44,222.38,9784.72,2893.15,741.63,3634.78,6149.94
2024-02-15,Europe,France,Widget A,31,121.91,3779.21,1640.35,174.25,1814.6,1964.61
2024-02-06,South America,Brazil,Widget C,16,136.55,2184.8,860.94,118.88,979.82,1204.98
2024-03-20,Asia,India,Gadget Y,44,272.54,11991.76,3428.07,1227.84,4655.91,7335.85
2024-02-17,South America,Brazil,Gadget X,19,236.59,4495.21,1403.13,169.81,1572.94,2922.27
2025-04-12,Europe,UK,Widget B,19,177.87,3379.53,1050.3,290.79,1341.09,2038.44
2025-04-20,Asia,China,Gadget X,50,237.25,11862.5,4703.39,939.4,5642.79,6219.71
2024-09-08,North America,USA,Gadget X,2,85.24,170.48,54.43,18.0,72.43,98.05
2024-01-10,Asia,India,Gadget X,48,223.62,10733.76,2906.59,833.83,3740.42,6993.34
2024-08-31,South America,Argentina,Widget A,10,219.26,2192.6,588.94,247.58,836.52,1356.08
2025-06-16,South America,Argentina,Gadget X,48,43.77,2100.96,565.4,88.27,653.67,1447.29
2025-02-07,Europe,Germany,Gadget X,43,289.98,12469.14,3707.75,666.96,4374.71,8094.43
2024-11-18,South America,Argentina,Widget C,29,96.15,2788.35,738.74,134.52,873.26,1915.09
2024-04-21,North America,USA,Widget B,29,150.5,4364.5,1445.97,341.45,1787.42,2577.08
2024-07-31,South America,Argentina,Gadget X,17,258.7,4397.9,1179.01,451.59,1630.6,2767.3
2024-11-07,Europe,France,Widget C,10,45.54,455.4,136.46,28.24,164.7,290.7
2025-06-09,Europe,UK,Widget C,12,28.7,344.4,113.95,24.35,138.3,206.1
2024-09-12,Europe,Spain,Widget A,9,54.01,486.09,127.52,48.75,176.27,309.82
2024-08-15,North America,USA,Gadget X,24,212.16,5091.84,2227.76,191.27,2419.03,2672.81
2024-09-22,Europe,Germany,Widget A,13,272.7,3545.1,1200.68,147.45,1348.13,2196.97
2024-12-05,Europe,Germany,Gadget X,4,67.04,268.16,97.82,27.88,125.7,142.46
2025-02-08,South America,Brazil,Gadget X,44,139.47,6136.68,1968.58,685.76,2654.34,3482.34
2024-10-08,Asia,Japan,Widget B,3,191.95,575.85,215.02,50.82,265.84,310.01
2025-05-25,South America,Argentina,Widget A,6,98.34,590.04,163.7,28.29,191.99,398.05
2025-06-22,North America,USA,Gadget X,46,120.55,5545.3,1990.23,408.25,2398.48,3146.82
2025-05-29,Asia,Japan,Widget C,12,27.3,327.6,121.02,10.69,131.71,195.89
2024-10-14,Europe,Spain,Gadget Y,23,234.72,5398.56,2428.93,635.18,3064.11,2334.45
2024-04-12,North America,USA,Widget C,35,248.56,8699.6,3770.86,304.76,4075.62,4623.98
2024-08-12,South America,Argentina,Widget B,12,86.23,1034.76,324.5,99.78,424.28,610.48
2025-01-02,Europe,UK,Gadget Y,37,59.79,2212.23,972.66,232.95,1205.61,1006.62
2025-05-19,Asia,India,Gadget X,3,45.27,135.81,40.27,6.75,47.02,88.79
2025-06-23,South America,Brazil,Widget C,40,76.41,3056.4,843.87,288.9,1132.77,1923.63
2024-11-27,Europe,Germany,Widget B,38,217.31,8257.78,2298.39,330.17,2628.56,5629.22
2025-06-22,Asia,India,Widget C,46,283.74,13052.04,4295.68,510.24,4805.92,8246.12
2024-11-05,Asia,India,Widget B,47,285.63,13424.61,5482.19,1563.42,7045.61,6379.0
2024-11-20,North America,Canada,Widget B,43,184.91,7951.13,2266.63,458.1,2724.73,5226.4
2024-10-28,North America,USA,Widget A,45,285.64,12853.8,4220.16,1535.84,5756.0,7097.8
2024-02-03,North America,Canada,Gadget Y,15,199.1,2986.5,808.81,222.96,1031.77,1954.73
2024-12-05,Europe,France,Widget C,21,67.01,1407.21,600.97,53.45,654.42,752.79
2024-12-09,South America,Brazil,Widget C,14,89.87,1258.18,331.6,66.81,398.41,859.77
2024-04-20,Europe,Germany,Gadget X,29,225.12,6528.48,2897.47,715.58,3613.05,2915.43
2025-05-19,South America,Argentina,Gadget Y,25,48.4,1210.0,418.54,130.4,548.94,661.06
2024-08-18,North America,Canada,Widget A,3,102.57,307.71,96.54,35.59,132.13,175.58
2024-03-16,Asia,India,Gadget X,11,224.96,2474.56,889.38,274.26,1163.64,1310.92
2024-04-05,Asia,China,Gadget Y,31,217.26,6735.06,2264.76,598.26,2863.02,3872.04
2025-03-20,North America,USA,Widget A,22,77.55,1706.1,491.35,158.24,649.59,1056.51
2024-09-28,Asia,Japan,Widget B,7,33.9,237.3,86.46,25.06,111.52,125.78
2024-06-06,Europe,UK,Widget A,28,44.54,1247.12,517.28,107.57,624.85,622.27
2025-05-06,North America,USA,Widget A,14,67.83,949.62,292.83,35.49,328.32,621.3
2024-04-28,Asia,Japan,Gadget X,32,270.57,8658.24,2623.45,759.92,3383.37,5274.87
2025-01-31,North America,Canada,Gadget X,24,72.24,1733.76,448.91,120.63,569.54,1164.22
2024-09-26,North America,Canada,Gadget Y,4,62.32,249.28,97.04,9.65,106.69,142.59
2024-12-18,South America,Brazil,Gadget Y,4,255.42,1021.68,422.65,69.14,491.79,529.89
2025-05-01,North America,Canada,Widget C,6,130.55,783.3,329.6,25.95,355.55,427.75
2025-06-13,North America,USA,Gadget X,12,285.74,3428.88,971.86,168.26,1140.12,2288.76
2024-07-16,North America,USA,Gadget X,6,296.72,1780.32,600.11,213.2,813.31,967.01
2024-05-31,Asia,Japan,Widget A,6,128.67,772.02,254.36,45.82,300.18,471.84
2024-10-09,South America,Brazil,Gadget Y,38,166.32,6320.16,2110.42,425.35,2535.77,3784.39
2024-05-31,Europe,Germany,Gadget Y,50,48.28,2414.0,741.63,188.79,930.42,1483.58
2024-12-18,South America,Argentina,Gadget X,42,155.96,6550.32,2435.36,218.6,2653.96,3896.36
2024-10-09,South America,Brazil,Gadget Y,39,210.63,8214.57,2713.63,539.05,3252.68,4961.89
2024-12-05,North America,USA,Gadget X,18,271.17,4881.06,1240.02,505.51,1745.53,3135.53
2024-11-06,Asia,Japan,Gadget X,45,211.76,9529.2,4235.72,481.38,4717.1,4812.1
2024-11-03,South America,Argentina,Widget C,47,136.7,6424.9,2435.75,301.42,2737.17,3687.73
2024-08-04,South America,Argentina,Gadget Y,24,249.88,5997.12,2117.31,265.72,2383.03,3614.09
2024-11-14,South America,Brazil,Gadget Y,37,28.11,1040.07,300.11,109.17,409.28,630.79
2024-02-29,North America,USA,Gadget X,4,277.05,1108.2,433.23,60.57,493.8,614.4
2025-04-20,South America,Brazil,Widget A,16,124.29,1988.64,733.43,91.44,824.87,1163.77
2025-04-30,Asia,Japan,Widget B,17,229.71,3905.07,1514.27,217.34,1731.61,2173.46
2025-01-30,Europe,France,Gadget Y,50,290.18,14509.0,6114.42,1280.63,7395.05,7113.95
2024-07-30,Asia,China,Gadget X,33,25.61,845.13,343.17,83.74,426.91,418.22
2024-01-10,South America,Brazil,Widget B,39,244.24,9525.36,2807.64,807.28,3614.92,5910.44
2024-11-08,Asia,Japan,Gadget X,23,148.52,3415.96,1003.07,195.37,1198.44,2217.52
2025-06-17,South America,Brazil,Widget A,33,299.84,9894.72,4386.3,1044.33,5430.63,4464.09
2024-10-16,Asia,China,Widget A,31,37.87,1173.97,525.55,102.9,628.45,545.52
2024-10-10,Asia,China,Widget C,13,61.98,805.74,324.79,89.41,414.2,391.54
2025-02-17,Asia,China,Widget B,47,27.13,1275.11,445.62,72.18,517.8,757.31
2025-03-04,South America,Argentina,Widget A,38,218.26,8293.88,3022.36,390.58,3412.94,4880.94
2024-08-15,South America,Argentina,Gadget Y,20,256.72,5134.4,2146.84,559.06,2705.9,2428.5
2024-07-04,Asia,India,Gadget X,9,227.46,2047.14,808.7,164.41,973.11,1074.03
2024-07-06,Asia,China,Widget A,15,119.48,1792.2,714.8,103.3,818.1,974.1
2024-12-05,Asia,Japan,Gadget Y,19,149.85,2847.15,778.86,99.17,878.03,1969.12
2024-03-13,South America,Brazil,Gadget Y,8,262.9,2103.2,686.35,119.57,805.92,1297.28
2024-02-25,North America,USA,Widget B,22,134.57,2960.54,1077.28,330.38,1407.66,1552.88
2025-04-13,North America,Canada,Widget B,50,42.63,2131.5,674.67,253.22,927.89,1203.61
2024-11-16,Europe,Germany,Gadget X,18,78.63,1415.34,572.8,115.87,688.67,726.67
2024-06-11,South America,Brazil,Widget B,40,141.44,5657.6,1900.29,388.18,2288.47,3369.13
2025-05-03,South America,Brazil,Widget A,35,75.84,2654.4,861.67,82.99,944.66,1709.74
2024-11-25,North America,USA,Widget A,41,225.41,9241.81,2728.67,1006.7,3735.37,5506.44
2024-11-15,North America,USA,Gadget X,33,184.83,6099.39,1728.59,635.23,2363.82,3735.57
2024-11-01,Asia,Japan,Gadget Y,39,166.75,6503.25,2189.86,597.06,2786.92,3716.33
2024-05-17,Asia,Japan,Widget C,49,72.76,3565.24,1567.34,401.58,1968.92,1596.32
2025-02-17,Europe,France,Widget B,47,295.77,13901.19,4062.46,444.45,4506.91,9394.28
2025-05-31,North America,USA,Widget C,46,202.15,9298.9,2394.21,1012.55,3406.76,5892.14
2024-09-18,Europe,Germany,Widget A,42,254.11,10672.62,2771.11,431.4,3202.51,7470.11
2025-03-30,South America,Brazil,Gadget Y,17,152.83,2598.11,729.1,240.5,969.6,1628.51
2024-01-10,Asia,Japan,Widget A,43,165.69,7124.67,2668.61,663.06,3331.67,3793.0
2025-03-04,Europe,Germany,Widget C,8,239.73,1917.84,670.38,162.65,833.03,1084.81
2024-09-26,North America,Canada,Gadget X,19,64.9,1233.1,443.46,138.02,581.48,651.62
2025-05-07,Asia,India,Widget A,1,208.06,208.06,89.75,21.88,111.63,96.43
2025-05-20,North America,USA,Gadget Y,5,222.6,1113.0,300.8,59.02,359.82,753.18
2024-08-24,South America,Argentina,Widget C,30,34.02,1020.6,421.14,110.91,532.05,488.55
2024-10-24,Asia,China,Widget C,28,226.79,6350.12,1708.18,623.83,2332.01,4018.11
2024-02-16,Europe,France,Widget B,22,120.11,2642.42,891.93,227.15,1119.08,1523.34
2024-04-05,Asia,Japan,Widget B,8,132.22,1057.76,468.02,57.61,525.63,532.13
2025-01-29,South America,Argentina,Widget B,8,57.1,456.8,180.56,54.06,234.62,222.18
2024-06-12,Europe,Spain,Gadget Y,31,244.63,7583.53,2924.81,351.22,3276.03,4307.5
2025-01-23,Asia,China,Widget A,44,266.39,11721.16,4635.2,1292.36,5927.56,5793.6
2025-05-09,South America,Brazil,Gadget X,29,32.87,953.23,288.18,55.56,343.74,609.49
2025-06-21,North America,Canada,Gadget Y,34,212.71,7232.14,2702.27,498.7,3200.97,4031.17
2024-09-11,South America,Argentina,Gadget X,10,254.93,2549.3,922.0,303.11,1225.11,1324.19
2024-02-25,Europe,France,Gadget Y,31,258.52,8014.12,3397.05,294.42,3691.47,4322.65
2025-05-18,Asia,India,Widget C,18,34.1,613.8,180.79,53.95,234.74,379.06
2025-02-16,North America,USA,Gadget X,29,244.35,7086.15,2406.6,758.88,3165.48,3920.67
2025-04-02,Asia,India,Gadget X,48,202.94,9741.12,2635.25,653.73,3288.98,6452.14
2024-01-01,Europe,UK,Gadget Y,36,77.92,2805.12,1077.99,324.08,1402.07,1403.05
2025-01-07,Europe,France,Gadget X,22,176.84,3890.48,1454.85,282.38,1737.23,2153.25
2025-01-07,South America,Brazil,Widget A,49,204.49,10020.01,2509.41,620.86,3130.27,6889.74
2024-10-25,Asia,China,Widget A,3,271.13,813.39,283.45,84.56,368.01,445.38
2025-02-23,Europe,UK,Gadget Y,13,72.51,942.63,411.03,61.61,472.64,469.99
2025-04-13,North America,Canada,Widget A,49,136.05,6666.45,2902.07,702.46,3604.53,3061.92
2024-05-06,South America,Argentina,Gadget Y,33,57.7,1904.1,665.99,148.01,814.0,1090.1
2024-02-19,South America,Argentina,Gadget Y,50,277.93,13896.5,3966.62,1140.48,5107.1,8789.4
2024-05-11,Europe,Spain,Gadget Y,39,267.15,10418.85,3655.16,673.26,4328.42,6090.43
2024-09-11,Asia,Japan,Widget C,19,146.8,2789.2,771.7,187.29,958.99,1830.21
2025-06-08,Asia,China,Gadget Y,21,219.32,4605.72,2013.17,400.39,2413.56,2192.16
2024-07-24,North America,Canada,Widget C,44,57.15,2514.6,985.92,296.13,1282.05,1232.55
2024-07-01,Asia,China,Widget A,49,118.63,5812.87,2011.68,472.92,2484.6,3328.27
2025-03-03,Asia,Japan,Widget A,34,49.81,1693.54,552.39,58.89,611.28,1082.26
2024-02-27,North America,Canada,Widget B,19,211.35,4015.65,1121.51,142.89,1264.4,2751.25
2024-10-29,North America,USA,Widget C,29,48.69,1412.01,598.14,136.34,734.48,677.53
2024-08-17,South America,Brazil,Gadget Y,45,100.54,4524.3,1732.35,512.98,2245.33,2278.97
2025-01-31,South America,Argentina,Gadget Y,4,23.63,94.52,28.38,8.11,36.49,58.03
2025-03-29,North America,Canada,Gadget Y,35,226.77,7936.95,2296.11,755.93,3052.04,4884.91
2024-07-17,Asia,Japan,Widget B,44,40.85,1797.4,795.34,172.83,968.17,829.23
2024-05-02,South America,Brazil,Gadget X,18,175.85,3165.3,873.66,261.32,1134.98,2030.32
2024-09-18,Europe,UK,Gadget X,46,282.5,12995.0,3352.56,1475.93,4828.49,8166.51
2024-02-22,Asia,Japan,Gadget Y,36,120.26,4329.36,1761.21,253.73,2014.94,2314.42
2024-08-13,North America,USA,Gadget Y,11,136.46,1501.06,536.49,57.45,593.94,907.12
2024-08-14,North America,Canada,Widget C,24,102.2,2452.8,1079.38,210.07,1289.45,1163.35
2025-05-01,Europe,Germany,Widget C,29,87.3,2531.7,958.13,285.26,1243.39,1288.31
2024-09-06,Europe,UK,Gadget X,8,128.05,1024.4,366.78,56.81,423.59,600.81
2025-06-13,Asia,China,Gadget Y,29,156.31,4532.99,1401.99,401.79,1803.78,2729.21
2024-11-24,Europe,Germany,Widget B,50,170.63,8531.5,2145.38,306.22,2451.6,6079.9
2024-08-06,South America,Brazil,Widget B,35,252.05,8821.75,3755.66,853.27,4608.93,4212.82
2025-03-21,Europe,France,Widget A,30,220.72,6621.6,1705.57,242.3,1947.87,4673.73
2024-07-01,Asia,China,Widget A,37,250.05,9251.85,3998.62,616.98,4615.6,4636.25
2025-04-06,South America,Argentina,Widget C,2,129.06,258.12,70.64,7.88,78.52,179.6
2024-03-05,Europe,Germany,Widget C,33,49.72,1640.76,668.41,93.72,762.13,878.63
2024-03-29,Asia,Japan,Gadget X,26,250.19,6504.94,1666.33,286.67,1953.0,4551.94
2024-08-13,North America,Canada,Gadget Y,19,288.84,5487.96,1530.13,499.16,2029.29,3458.67
2025-01-17,Europe,France,Widget A,3,21.41,64.23,23.72,5.03,28.75,35.48
2024-03-28,Asia,India,Widget C,14,135.54,1897.56,719.53,144.46,863.99,1033.57
2024-06-13,North America,USA,Gadget Y,17,74.41,1264.97,362.12,128.99,491.11,773.86
2024-02-25,South America,Brazil,Widget C,43,38.86,1670.98,450.56,159.25,609.81,1061.17
2025-05-13,Asia,Japan,Widget B,43,203.53,8751.79,2363.06,750.52,3113.58,5638.21
2024-07-17,Asia,Japan,Gadget X,22,192.58,4236.76,1318.2,349.85,1668.05,2568.71
2025-01-08,Asia,Japan,Widget B,1,107.7,107.7,43.85,10.13,53.98,53.72
2025-03-22,Asia,Japan,Widget B,44,225.23,9910.12,4217.52,710.12,4927.64,4982.48
2025-01-02,Asia,Japan,Gadget Y,7,69.22,484.54,179.92,51.25,231.17,253.37
2024-05-23,North America,Canada,Widget A,47,41.11,1932.17,490.24,146.16,636.4,1295.77
2024-02-01,South America,Brazil,Widget A,36,92.97,3346.92,1435.15,262.97,1698.12,1648.8
2024-06-01,Asia,Japan,Widget B,50,185.09,9254.5,3900.15,389.15,4289.3,4965.2
2025-05-28,Europe,Spain,Widget C,33,22.97,758.01,225.72,88.51,314.23,443.78
2024-06-18,North America,Canada,Widget B,12,178.58,2142.96,778.24,232.51,1010.75,1132.21
2024-05-29,South America,Argentina,Widget A,15,233.21,3498.15,1036.68,188.17,1224.85,2273.3
2024-08-27,Europe,France,Gadget Y,24,128.67,3088.08,1338.93,337.65,1676.58,1411.5
2024-02-10,Asia,India,Gadget Y,41,252.3,10344.3,4313.31,555.47,4868.78,5475.52
2024-06-27,South America,Argentina,Widget C,38,202.93,7711.34,3216.35,589.91,3806.26,3905.08
2025-01-20,North America,Canada,Widget C,23,156.32,3595.36,1245.51,303.37,1548.88,2046.48
2025-05-28,North America,Canada,Widget B,15,41.58,623.7,236.19,30.58,266.77,356.93
2024-07-10,North America,Canada,Gadget Y,46,248.75,11442.5,4373.57,770.25,5143.82,6298.68
2024-12-04,Europe,Spain,Gadget X,31,79.0,2449.0,691.23,257.15,948.38,1500.62
2024-01-23,North America,USA,Widget B,37,185.86,6876.82,1904.5,523.59,2428.09,4448.73
2024-05-30,Europe,France,Widget C,12,164.66,1975.92,654.21,231.64,885.85,1090.07
2024-01-20,Asia,India,Widget B,29,189.83,5505.07,1895.3,403.8,2299.1,3205.97
2024-08-12,South America,Brazil,Gadget Y,50,70.93,3546.5,1354.51,190.83,1545.34,2001.16
2024-12-16,South America,Brazil,Widget B,25,127.93,3198.25,869.01,154.19,1023.2,2175.05
2025-05-31,South America,Brazil,Gadget Y,7,69.68,487.76,209.89,40.96,250.85,236.91
2025-05-30,Europe,Germany,Gadget X,43,56.49,2429.07,900.44,253.78,1154.22,1274.85
2025-03-17,South America,Argentina,Widget A,45,168.35,7575.75,2241.64,774.29,3015.93,4559.82
2025-01-25,Asia,China,Gadget Y,7,139.14,973.98,293.07,96.35,389.42,584.56
2024-03-26,Asia,China,Gadget Y,27,92.19,2489.13,625.01,241.27,866.28,1622.85
2024-01-08,Europe,Germany,Gadget X,42,77.52,3255.84,1337.69,217.48,1555.17,1700.67
2024-04-19,North America,Canada,Gadget Y,17,93.16,1583.72,565.74,128.0,693.74,889.98
2024-10-09,South America,Brazil,Gadget X,36,239.46,8620.56,2986.97,545.85,3532.82,5087.74
2025-05-10,Asia,Japan,Gadget Y,23,236.77,5445.71,1795.05,231.04,2026.09,3419.62
2024-05-01,North America,Canada,Widget B,7,80.05,560.35,184.98,33.88,218.86,341.49
2024-02-23,North America,Canada,Widget A,6,250.51,1503.06,517.55,126.29,643.84,859.22
2024-03-31,Europe,UK,Widget B,24,42.41,1017.84,262.15,65.74,327.89,689.95
2025-02-14,Asia,China,Gadget Y,4,284.8,1139.2,471.68,99.82,571.5,567.7
2025-03-25,Europe,France,Gadget Y,19,74.53,1416.07,576.05,107.55,683.6,732.47
2024-08-25,North America,USA,Widget C,16,203.41,3254.56,1448.7,123.07,1571.77,1682.79
2024-10-09,South America,Argentina,Gadget X,26,184.1,4786.6,1692.3,461.06,2153.36,2633.24
2024-03-11,Europe,UK,Gadget Y,38,117.47,4463.86,1975.96,245.0,2220.96,2242.9
2024-07-18,South America,Argentina,Gadget Y,1,93.11,93.11,30.86,3.69,34.55,58.56
2024-03-15,Asia,Japan,Widget A,33,287.88,9500.04,4039.63,980.25,5019.88,4480.16
2024-09-13,South America,Argentina,Gadget Y,31,235.59,7303.29,2932.23,850.92,3783.15,3520.14
2025-04-14,South America,Brazil,Gadget X,8,92.19,737.52,240.83,74.47,315.3,422.22
2024-08-13,North America,Canada,Gadget X,23,164.62,3786.26,953.93,397.16,1351.09,2435.17
2024-09-11,Asia,India,Gadget X,44,229.66,10105.04,3217.43,807.49,4024.92,6080.12
2024-07-01,South America,Argentina,Widget C,14,270.41,3785.74,1150.17,436.27,1586.44,2199.3
2024-07-13,South America,Brazil,Widget B,48,87.78,4213.44,1277.01,213.32,1490.33,2723.11
2024-09-12,Asia,India,Widget A,8,277.65,2221.2,855.52,199.26,1054.78,1166.42
2024-01-07,Europe,Spain,Widget C,40,108.32,4332.8,1861.48,473.53,2335.01,1997.79
2024-10-08,South America,Brazil,Gadget Y,18,131.41,2365.38,946.23,98.26,1044.49,1320.89
2025-06-22,South America,Argentina,Gadget Y,3,160.69,482.07,158.48,44.24,202.72,279.35
2024-06-27,South America,Brazil,Gadget Y,30,108.38,3251.4,818.32,294.8,1113.12,2138.28
2025-01-23,Europe,UK,Widget C,40,261.32,10452.8,3004.45,560.86,3565.31,6887.49
2024-10-02,South America,Argentina,Widget C,12,159.66,1915.92,559.65,178.3,737.95,1177.97
2025-01-16,Asia,Japan,Widget C,29,70.37,2040.73,563.71,166.99,730.7,1310.03
2024-08-22,Europe,UK,Widget B,36,141.02,5076.72,1655.91,218.94,1874.85,3201.87
2024-06-02,South America,Brazil,Widget B,27,159.89,4317.03,1938.83,459.53,2398.36,1918.67
2025-06-13,Asia,Japan,Widget C,17,177.4,3015.8,1096.45,198.61,1295.06,1720.74
2024-06-16,Europe,France,Widget C,31,254.91,7902.21,2127.75,766.62,2894.37,5007.84
2024-09-23,Asia,Japan,Gadget Y,36,280.92,10113.12,3049.54,321.45,3370.99,6742.13
2024-05-04,Asia,China,Gadget Y,13,181.52,2359.76,896.65,185.15,1081.8,1277.96
2024-10-18,Asia,Japan,Gadget Y,32,236.93,7581.76,2573.14,280.95,2854.09,4727.67
2024-10-20,South America,Brazil,Widget B,41,246.16,10092.56,3204.16,876.18,4080.34,6012.22
2025-02-18,Europe,Germany,Widget B,22,83.9,1845.8,578.43,103.77,682.2,1163.6
2024-09-30,South America,Argentina,Gadget X,50,261.59,13079.5,4219.88,1083.28,5303.16,7776.34
2025-04-06,South America,Brazil,Widget B,2,55.01,110.02,32.67,5.79,38.46,71.56
2024-03-22,North America,USA,Gadget X,7,46.76,327.32,143.16,23.76,166.92,160.4
2024-02-25,Europe,Spain,Gadget Y,49,298.88,14645.12,3965.69,1254.05,5219.74,9425.38
2024-03-27,South America,Argentina,Widget B,16,226.53,3624.48,1227.37,149.97,1377.34,2247.14
2025-06-23,North America,USA,Widget A,43,119.92,5156.56,2233.07,555.78,2788.85,2367.71
2025-04-23,Asia,China,Gadget X,9,291.47,2623.23,1021.81,120.49,1142.3,1480.93
2025-04-12,South America,Argentina,Widget C,31,171.11,5304.41,2179.8,370.08,2549.88,2754.53
2025-01-09,South America,Argentina,Widget B,20,22.96,459.2,162.86,45.11,207.97,251.23
2024-05-19,Asia,Japan,Gadget X,35,22.33,781.55,339.52,90.06,429.58,351.97
2025-05-03,Asia,India,Gadget X,19,187.16,3556.04,1455.68,282.13,1737.81,1818.23
2024-07-12,South America,Argentina,Gadget X,16,65.72,1051.52,417.9,68.43,486.33,565.19
